Symbol,Model_name,Parameters,Features_Desc,Num_fatures,MSE,MSE_week_1,MSE_week_2,MSE_week_3,MSE_week_4
PEP,ARIMA_Baseline,"ARIMA(p=10, d=0, q=4)",Close_pct_change,1,9.984321758,3.294916462,4.898687719,28.63725089,3.106431965
PEP,ETS_Model,"ETS(error=add, trend=add, seasonal=add, seasonal_periods=7)",Close,1,13.77305084,3.081978866,8.17444779,36.90624924,6.929527469
PEP,Hybrid_Model,"ARIMA(p=4, d=0, q=3), LGBMRegressor(lags=50)","Trend component of Close, Residulas component of Close",2,9.647255617,4.102663241,1.940739892,31.86260515,0.683014181
PEP,LSTM_Model,"lstm_units=6, dense_units=16, dense_activation=relu, lstm_activation=tanh, batch_size=8, epochs=30","pct_change(1, 6) on cols['Open', 'High', 'Low', 'Close'], diff(1, 6) on cols['Open', 'High', 'Low', 'Close'], [mean, max, min, median]rolling(2, 6) on each pct_change and diff column",680,12.75286381,2.556369916,9.079307657,34.33950275,5.036274908
PEP,GRU_Model,"units=10, dense_activation=relu, gru_activation=tanh, batch_size=8, epochs=30","pct_change(1, 6) on cols['Open', 'High', 'Low', 'Close'], diff(1, 6) on cols['Open', 'High', 'Low', 'Close'], [mean, max, min, median]rolling(2, 6) on each pct_change and diff column",680,9.713540698,4.076204823,3.557760524,29.29640927,1.923788177
PEP,Transformer_Model,"num_heads=4, key_dim=2, dense_units=50, dropout_rate=0.1, activation=relu, batch_size=8, epochs=30","pct_change(1, 6) on cols['Open', 'High', 'Low', 'Close'], diff(1, 6) on cols['Open', 'High', 'Low', 'Close'], [mean, max, min, median]rolling(2, 6) on each pct_change and diff column",680,51.57607333,17.8656896,47.53087114,100.6610759,40.24665666
PEP,SEQ_2_SEQ_Model,"lstm_units=50, attention_units=50, activation=tanh, batch_size=8, epochs=30","pct_change(1, 6) on cols['Open', 'High', 'Low', 'Close'], diff(1, 6) on cols['Open', 'High', 'Low', 'Close'], [mean, max, min, median]rolling(2, 6) on each pct_change and diff column",680,12.72127238,3.530430692,7.881987235,36.32506642,3.147605179
PEP,TCN_Model,"num_filters=64, kernel_size=2, dilation_rate1=1, dilation_rate2=2, dilation_rate3=4, activation=relu, batch_size=8, epochs=30","pct_change(1, 6) on cols['Open', 'High', 'Low', 'Close'], diff(1, 6) on cols['Open', 'High', 'Low', 'Close'], [mean, max, min, median]rolling(2, 6) on each pct_change and diff column",680,40.97043037,1.160008171,31.40188615,92.46720646,38.85262069
TMUS,ARIMA_Baseline,"ARIMA(p=10, d=0, q=4)",Close_pct_change,1,45.48475574,21.09929177,67.22446272,13.47571841,80.13955006
TMUS,ETS_Model,"ETS(error=add, trend=add, seasonal=add, seasonal_periods=7)",Close,1,47.65201319,22.46800658,64.00592505,15.83806757,88.29605357
TMUS,Hybrid_Model,"ARIMA(p=4, d=0, q=3), LGBMRegressor(lags=50)","Trend component of Close, Residulas component of Close",2,102.1221196,12.99139813,32.26294891,88.81215027,274.4219812
TMUS,LSTM_Model,"lstm_units=6, dense_units=16, dense_activation=relu, lstm_activation=tanh, batch_size=8, epochs=30","pct_change(1, 6) on cols['Open', 'High', 'Low', 'Close'], diff(1, 6) on cols['Open', 'High', 'Low', 'Close'], [mean, max, min, median]rolling(2, 6) on each pct_change and diff column",680,46.97837001,22.81518264,67.65992377,12.76449639,84.67387726
TMUS,GRU_Model,"units=10, dense_activation=relu, gru_activation=tanh, batch_size=8, epochs=30","pct_change(1, 6) on cols['Open', 'High', 'Low', 'Close'], diff(1, 6) on cols['Open', 'High', 'Low', 'Close'], [mean, max, min, median]rolling(2, 6) on each pct_change and diff column",680,48.03714067,22.00677464,53.79934058,18.99245525,97.34999221
TMUS,Transformer_Model,"num_heads=4, key_dim=2, dense_units=50, dropout_rate=0.1, activation=relu, batch_size=8, epochs=30","pct_change(1, 6) on cols['Open', 'High', 'Low', 'Close'], diff(1, 6) on cols['Open', 'High', 'Low', 'Close'], [mean, max, min, median]rolling(2, 6) on each pct_change and diff column",680,46.85702921,22.72072157,66.51812637,14.34251116,83.84675773
TMUS,SEQ_2_SEQ_Model,"lstm_units=50, attention_units=50, activation=tanh, batch_size=8, epochs=30","pct_change(1, 6) on cols['Open', 'High', 'Low', 'Close'], diff(1, 6) on cols['Open', 'High', 'Low', 'Close'], [mean, max, min, median]rolling(2, 6) on each pct_change and diff column",680,65.54012104,29.89987375,65.24547275,32.68497095,134.3301667
TMUS,TCN_Model,"num_filters=64, kernel_size=2, dilation_rate1=1, dilation_rate2=2, dilation_rate3=4, activation=relu, batch_size=8, epochs=30","pct_change(1, 6) on cols['Open', 'High', 'Low', 'Close'], diff(1, 6) on cols['Open', 'High', 'Low', 'Close'], [mean, max, min, median]rolling(2, 6) on each pct_change and diff column",680,54.61538194,18.58501648,63.46666979,20.71139731,115.6984442
BKNG,ARIMA_Baseline,"ARIMA(p=10, d=0, q=4)",Close_pct_change,1,383622.15190144675,35256.44493290775,208680.95386647136,609588.2001390147,680963.0086673935
BKNG,ETS_Model,"ETS(error=add, trend=add, seasonal=add, seasonal_periods=7)",Close,1,342904.65581287537,32346.44318385455,188346.1758082527,552847.7009498257,598078.3033095688
BKNG,Hybrid_Model,"ARIMA(p=4, d=0, q=3), LGBMRegressor(lags=50)","Trend component of Close, Residulas component of Close",2,233478.45007826373,26299.806935439206,130940.09438766296,398085.0274580972,378588.8715318557
BKNG,LSTM_Model,"lstm_units=6, dense_units=16, dense_activation=relu, lstm_activation=tanh, batch_size=8, epochs=30","pct_change(1, 6) on cols['Open', 'High', 'Low', 'Close'], diff(1, 6) on cols['Open', 'High', 'Low', 'Close'], [mean, max, min, median]rolling(2, 6) on each pct_change and diff column",680,359254.0711790813,30162.575921382224,184126.01755401917,567738.5150149465,654989.1762259773
BKNG,GRU_Model,"units=10, dense_activation=relu, gru_activation=tanh, batch_size=8, epochs=30","pct_change(1, 6) on cols['Open', 'High', 'Low', 'Close'], diff(1, 6) on cols['Open', 'High', 'Low', 'Close'], [mean, max, min, median]rolling(2, 6) on each pct_change and diff column",680,351206.47217947885,34665.84004884107,198026.35589443785,568856.468444986,603277.2243296504
BKNG,Transformer_Model,"num_heads=4, key_dim=2, dense_units=50, dropout_rate=0.1, activation=relu, batch_size=8, epochs=30","pct_change(1, 6) on cols['Open', 'High', 'Low', 'Close'], diff(1, 6) on cols['Open', 'High', 'Low', 'Close'], [mean, max, min, median]rolling(2, 6) on each pct_change and diff column",680,328586.3920555264,32563.95434374469,181707.19493056196,532664.8969260199,567409.522021779
BKNG,SEQ_2_SEQ_Model,"lstm_units=50, attention_units=50, activation=tanh, batch_size=8, epochs=30","pct_change(1, 6) on cols['Open', 'High', 'Low', 'Close'], diff(1, 6) on cols['Open', 'High', 'Low', 'Close'], [mean, max, min, median]rolling(2, 6) on each pct_change and diff column",680,294843.45001155563,36912.739092707634,195242.27569090467,490772.87668612174,456445.9085764885
BKNG,TCN_Model,"num_filters=64, kernel_size=2, dilation_rate1=1, dilation_rate2=2, dilation_rate3=4, activation=relu, batch_size=8, epochs=30","pct_change(1, 6) on cols['Open', 'High', 'Low', 'Close'], diff(1, 6) on cols['Open', 'High', 'Low', 'Close'], [mean, max, min, median]rolling(2, 6) on each pct_change and diff column",680,333654.79237896844,35587.65922837598,199065.502002384,549336.4700770974,550629.5382080163
TSLA,ARIMA_Baseline,"ARIMA(p=10, d=0, q=4)",Close_pct_change,1,2447.5798891257186,209.66189190263466,1664.4869726087406,3150.3376462496494,4765.833045741851
TSLA,ETS_Model,"ETS(error=add, trend=add, seasonal=add, seasonal_periods=7)",Close,1,1951.772203590402,149.48545653304882,1329.6490993751727,2527.7841894350126,3800.1700690183725
TSLA,Hybrid_Model,"ARIMA(p=4, d=0, q=3), LGBMRegressor(lags=50)","Trend component of Close, Residulas component of Close",2,641.2730991555381,63.0084958166821,445.53138605885835,906.7332004974869,1149.8193142491257
TSLA,LSTM_Model,"lstm_units=6, dense_units=16, dense_activation=relu, lstm_activation=tanh, batch_size=8, epochs=30","pct_change(1, 6) on cols['Open', 'High', 'Low', 'Close'], diff(1, 6) on cols['Open', 'High', 'Low', 'Close'], [mean, max, min, median]rolling(2, 6) on each pct_change and diff column",680,2448.6463361502642,230.3693894063056,1711.458274057401,3186.255180560485,4666.502500576865
TSLA,GRU_Model,"units=10, dense_activation=relu, gru_activation=tanh, batch_size=8, epochs=30","pct_change(1, 6) on cols['Open', 'High', 'Low', 'Close'], diff(1, 6) on cols['Open', 'High', 'Low', 'Close'], [mean, max, min, median]rolling(2, 6) on each pct_change and diff column",680,1996.6952578458836,162.0415768779681,1292.7481658189956,2538.276064003585,3993.7152246829855
TSLA,Transformer_Model,"num_heads=4, key_dim=2, dense_units=50, dropout_rate=0.1, activation=relu, batch_size=8, epochs=30","pct_change(1, 6) on cols['Open', 'High', 'Low', 'Close'], diff(1, 6) on cols['Open', 'High', 'Low', 'Close'], [mean, max, min, median]rolling(2, 6) on each pct_change and diff column",680,1986.4004445657815,180.70679339264254,1389.2545367049586,2529.683677727523,3845.9567704380024
TSLA,SEQ_2_SEQ_Model,"lstm_units=50, attention_units=50, activation=tanh, batch_size=8, epochs=30","pct_change(1, 6) on cols['Open', 'High', 'Low', 'Close'], diff(1, 6) on cols['Open', 'High', 'Low', 'Close'], [mean, max, min, median]rolling(2, 6) on each pct_change and diff column",680,1678.1580357880698,196.95154730154067,1550.055696814055,2284.4227469308034,2681.20215210588
TSLA,TCN_Model,"num_filters=64, kernel_size=2, dilation_rate1=1, dilation_rate2=2, dilation_rate3=4, activation=relu, batch_size=8, epochs=30","pct_change(1, 6) on cols['Open', 'High', 'Low', 'Close'], diff(1, 6) on cols['Open', 'High', 'Low', 'Close'], [mean, max, min, median]rolling(2, 6) on each pct_change and diff column",680,1692.4513810389242,235.56504998625522,1142.1168612137637,2151.6502669516485,3240.4733460040297
META,ARIMA_Baseline,"ARIMA(p=10, d=0, q=4)",Close_pct_change,1,1105.7575892634334,480.5583806909549,2342.3412253627225,1226.579715378882,373.5510356211747
META,ETS_Model,"ETS(error=add, trend=add, seasonal=add, seasonal_periods=7)",Close,1,484.24998900363124,279.6651347045973,1204.4229767238726,295.714376553607,157.19746803244863
META,Hybrid_Model,"ARIMA(p=4, d=0, q=3), LGBMRegressor(lags=50)","Trend component of Close, Residulas component of Close",2,877.380664653822,330.0080729983465,264.7031737496263,256.5995231614496,2658.211888705865
META,LSTM_Model,"lstm_units=6, dense_units=16, dense_activation=relu, lstm_activation=tanh, batch_size=8, epochs=30","pct_change(1, 6) on cols['Open', 'High', 'Low', 'Close'], diff(1, 6) on cols['Open', 'High', 'Low', 'Close'], [mean, max, min, median]rolling(2, 6) on each pct_change and diff column",680,382.2598588940954,229.9607172799962,804.9129619559806,103.48894440209759,390.67681193830714
META,GRU_Model,"units=10, dense_activation=relu, gru_activation=tanh, batch_size=8, epochs=30","pct_change(1, 6) on cols['Open', 'High', 'Low', 'Close'], diff(1, 6) on cols['Open', 'High', 'Low', 'Close'], [mean, max, min, median]rolling(2, 6) on each pct_change and diff column",680,430.7452805082513,236.91324962023646,985.631508003122,127.66888146847486,372.767482941172
META,Transformer_Model,"num_heads=4, key_dim=2, dense_units=50, dropout_rate=0.1, activation=relu, batch_size=8, epochs=30","pct_change(1, 6) on cols['Open', 'High', 'Low', 'Close'], diff(1, 6) on cols['Open', 'High', 'Low', 'Close'], [mean, max, min, median]rolling(2, 6) on each pct_change and diff column",680,409.1378195836608,240.97684005262064,1003.3085267922974,193.04360125945615,199.22231023026896
META,SEQ_2_SEQ_Model,"lstm_units=50, attention_units=50, activation=tanh, batch_size=8, epochs=30","pct_change(1, 6) on cols['Open', 'High', 'Low', 'Close'], diff(1, 6) on cols['Open', 'High', 'Low', 'Close'], [mean, max, min, median]rolling(2, 6) on each pct_change and diff column",680,432.13194081832523,302.3533546508157,816.1352939750733,95.86713724397123,514.1719774034407
META,TCN_Model,"num_filters=64, kernel_size=2, dilation_rate1=1, dilation_rate2=2, dilation_rate3=4, activation=relu, batch_size=8, epochs=30","pct_change(1, 6) on cols['Open', 'High', 'Low', 'Close'], diff(1, 6) on cols['Open', 'High', 'Low', 'Close'], [mean, max, min, median]rolling(2, 6) on each pct_change and diff column",680,484.16933054673217,223.37577373467917,971.2745613467747,110.17519891315273,631.8517881923223
AZN,ARIMA_Baseline,"ARIMA(p=10, d=0, q=4)",Close_pct_change,1,3.099324362948185,0.2211872428047535,0.6495617431768397,3.569380866549621,7.957167599261526
AZN,ETS_Model,"ETS(error=add, trend=add, seasonal=add, seasonal_periods=7)",Close,1,3.4661313678567542,0.30105932757594955,0.5789786482088812,3.935149277412226,9.04933821822996
AZN,Hybrid_Model,"ARIMA(p=4, d=0, q=3), LGBMRegressor(lags=50)","Trend component of Close, Residulas component of Close",2,13.827484865139818,0.5620692546966966,0.3518296723246381,14.857185551376633,39.5388549821613
AZN,LSTM_Model,"lstm_units=6, dense_units=16, dense_activation=relu, lstm_activation=tanh, batch_size=8, epochs=30","pct_change(1, 6) on cols['Open', 'High', 'Low', 'Close'], diff(1, 6) on cols['Open', 'High', 'Low', 'Close'], [mean, max, min, median]rolling(2, 6) on each pct_change and diff column",680,3.132109702319472,0.38939752080477774,0.6976200608270509,3.9983169372176883,7.443104290428372
AZN,GRU_Model,"units=10, dense_activation=relu, gru_activation=tanh, batch_size=8, epochs=30","pct_change(1, 6) on cols['Open', 'High', 'Low', 'Close'], diff(1, 6) on cols['Open', 'High', 'Low', 'Close'], [mean, max, min, median]rolling(2, 6) on each pct_change and diff column",680,3.64473425297183,0.2928079578310384,0.8457407364954374,3.8419385593401136,9.59844975822073
AZN,Transformer_Model,"num_heads=4, key_dim=2, dense_units=50, dropout_rate=0.1, activation=relu, batch_size=8, epochs=30","pct_change(1, 6) on cols['Open', 'High', 'Low', 'Close'], diff(1, 6) on cols['Open', 'High', 'Low', 'Close'], [mean, max, min, median]rolling(2, 6) on each pct_change and diff column",680,3.0605636631704067,0.27196585648094435,0.6551927435877067,3.5612437202694958,7.75385233234348
AZN,SEQ_2_SEQ_Model,"lstm_units=50, attention_units=50, activation=tanh, batch_size=8, epochs=30","pct_change(1, 6) on cols['Open', 'High', 'Low', 'Close'], diff(1, 6) on cols['Open', 'High', 'Low', 'Close'], [mean, max, min, median]rolling(2, 6) on each pct_change and diff column",680,4.465821012603036,0.8754635999045733,0.632165058823635,5.565214518939944,10.790440872743991
AZN,TCN_Model,"num_filters=64, kernel_size=2, dilation_rate1=1, dilation_rate2=2, dilation_rate3=4, activation=relu, batch_size=8, epochs=30","pct_change(1, 6) on cols['Open', 'High', 'Low', 'Close'], diff(1, 6) on cols['Open', 'High', 'Low', 'Close'], [mean, max, min, median]rolling(2, 6) on each pct_change and diff column",680,24.98916400433518,3.2788080705296516,17.30860065464263,30.31064750506942,49.05859978709902
AMD,ARIMA_Baseline,"ARIMA(p=10, d=0, q=4)",Close_pct_change,1,1991.341660480683,669.8008263263739,1818.2796438156931,2648.4301531341666,2828.8560186464974
AMD,ETS_Model,"ETS(error=add, trend=add, seasonal=add, seasonal_periods=7)",Close,1,1683.6155389333346,602.6976107569011,1593.6083163343815,2251.2124859127503,2286.9437427293074
AMD,Hybrid_Model,"ARIMA(p=4, d=0, q=3), LGBMRegressor(lags=50)","Trend component of Close, Residulas component of Close",2,1440.5463864253632,719.5520137831536,1501.890880482859,1829.8437205170228,1710.898930918417
AMD,LSTM_Model,"lstm_units=6, dense_units=16, dense_activation=relu, lstm_activation=tanh, batch_size=8, epochs=30","pct_change(1, 6) on cols['Open', 'High', 'Low', 'Close'], diff(1, 6) on cols['Open', 'High', 'Low', 'Close'], [mean, max, min, median]rolling(2, 6) on each pct_change and diff column",680,1640.9099208633083,586.5589934883507,1596.3889411390826,2194.0391276020423,2186.6526212237577
AMD,GRU_Model,"units=10, dense_activation=relu, gru_activation=tanh, batch_size=8, epochs=30","pct_change(1, 6) on cols['Open', 'High', 'Low', 'Close'], diff(1, 6) on cols['Open', 'High', 'Low', 'Close'], [mean, max, min, median]rolling(2, 6) on each pct_change and diff column",680,1558.969455561451,538.3315842004959,1476.6459414497283,2084.5940849799995,2136.30621161558
AMD,Transformer_Model,"num_heads=4, key_dim=2, dense_units=50, dropout_rate=0.1, activation=relu, batch_size=8, epochs=30","pct_change(1, 6) on cols['Open', 'High', 'Low', 'Close'], diff(1, 6) on cols['Open', 'High', 'Low', 'Close'], [mean, max, min, median]rolling(2, 6) on each pct_change and diff column",680,1648.6345990217108,590.7643676544873,1575.1648454782885,2212.250844012114,2216.358338941953
AMD,SEQ_2_SEQ_Model,"lstm_units=50, attention_units=50, activation=tanh, batch_size=8, epochs=30","pct_change(1, 6) on cols['Open', 'High', 'Low', 'Close'], diff(1, 6) on cols['Open', 'High', 'Low', 'Close'], [mean, max, min, median]rolling(2, 6) on each pct_change and diff column",680,1600.3808646494872,728.973475885378,1898.5116392901566,1980.4272432626292,1793.611100159785
AMD,TCN_Model,"num_filters=64, kernel_size=2, dilation_rate1=1, dilation_rate2=2, dilation_rate3=4, activation=relu, batch_size=8, epochs=30","pct_change(1, 6) on cols['Open', 'High', 'Low', 'Close'], diff(1, 6) on cols['Open', 'High', 'Low', 'Close'], [mean, max, min, median]rolling(2, 6) on each pct_change and diff column",680,2432.4070995869033,577.678833279792,1599.3178342839237,3073.129630587197,4479.502100196701
GOOGL,ARIMA_Baseline,"ARIMA(p=10, d=0, q=4)",Close_pct_change,1,484.0256693159563,49.24730591180511,389.81404618952473,626.7765697488048,870.2647554136901
GOOGL,ETS_Model,"ETS(error=add, trend=add, seasonal=add, seasonal_periods=7)",Close,1,366.1649519913535,31.674463383697567,298.1757358107437,480.1150429084974,654.6945658624753
GOOGL,Hybrid_Model,"ARIMA(p=4, d=0, q=3), LGBMRegressor(lags=50)","Trend component of Close, Residulas component of Close",2,302.6122286662675,39.46414542951502,240.7459361650163,424.68471656003504,505.5541165105037
GOOGL,LSTM_Model,"lstm_units=6, dense_units=16, dense_activation=relu, lstm_activation=tanh, batch_size=8, epochs=30","pct_change(1, 6) on cols['Open', 'High', 'Low', 'Close'], diff(1, 6) on cols['Open', 'High', 'Low', 'Close'], [mean, max, min, median]rolling(2, 6) on each pct_change and diff column",680,292.3738937873859,31.09040549450687,261.91742128240213,371.7566789259602,504.73106944667444
GOOGL,GRU_Model,"units=10, dense_activation=relu, gru_activation=tanh, batch_size=8, epochs=30","pct_change(1, 6) on cols['Open', 'High', 'Low', 'Close'], diff(1, 6) on cols['Open', 'High', 'Low', 'Close'], [mean, max, min, median]rolling(2, 6) on each pct_change and diff column",680,380.2158896895541,28.821591521912655,272.0832857338911,477.2816260264122,742.6770554760005
GOOGL,Transformer_Model,"num_heads=4, key_dim=2, dense_units=50, dropout_rate=0.1, activation=relu, batch_size=8, epochs=30","pct_change(1, 6) on cols['Open', 'High', 'Low', 'Close'], diff(1, 6) on cols['Open', 'High', 'Low', 'Close'], [mean, max, min, median]rolling(2, 6) on each pct_change and diff column",680,274.294139053315,21.285746736451983,199.9266303516259,407.93458708259277,468.0295920425893
GOOGL,SEQ_2_SEQ_Model,"lstm_units=50, attention_units=50, activation=tanh, batch_size=8, epochs=30","pct_change(1, 6) on cols['Open', 'High', 'Low', 'Close'], diff(1, 6) on cols['Open', 'High', 'Low', 'Close'], [mean, max, min, median]rolling(2, 6) on each pct_change and diff column",680,275.03258979811966,20.559707905032806,228.85215876454353,406.80062303432663,443.9178694885756
GOOGL,TCN_Model,"num_filters=64, kernel_size=2, dilation_rate1=1, dilation_rate2=2, dilation_rate3=4, activation=relu, batch_size=8, epochs=30","pct_change(1, 6) on cols['Open', 'High', 'Low', 'Close'], diff(1, 6) on cols['Open', 'High', 'Low', 'Close'], [mean, max, min, median]rolling(2, 6) on each pct_change and diff column",680,43.39995799285992,10.310134472957413,46.74253696176623,55.78669841537651,60.760462121339515
MSFT,ARIMA_Baseline,"ARIMA(p=10, d=0, q=4)",Close_pct_change,1,1568.6433112167488,98.86801506371309,821.0840498486252,2654.4421819400804,2700.1789980145745
MSFT,ETS_Model,"ETS(error=add, trend=add, seasonal=add, seasonal_periods=7)",Close,1,1217.870318378357,76.46313121570292,631.0338182760361,2131.589817018707,2032.3945070029824
MSFT,Hybrid_Model,"ARIMA(p=4, d=0, q=3), LGBMRegressor(lags=50)","Trend component of Close, Residulas component of Close",2,342.8108090916416,46.07780420855731,137.68660858051192,773.3647962358858,414.11402734161135
MSFT,LSTM_Model,"lstm_units=6, dense_units=16, dense_activation=relu, lstm_activation=tanh, batch_size=8, epochs=30","pct_change(1, 6) on cols['Open', 'High', 'Low', 'Close'], diff(1, 6) on cols['Open', 'High', 'Low', 'Close'], [mean, max, min, median]rolling(2, 6) on each pct_change and diff column",680,1206.53984435824,67.8815769080871,634.0758598323113,2162.177904234667,1962.0240364578951
MSFT,GRU_Model,"units=10, dense_activation=relu, gru_activation=tanh, batch_size=8, epochs=30","pct_change(1, 6) on cols['Open', 'High', 'Low', 'Close'], diff(1, 6) on cols['Open', 'High', 'Low', 'Close'], [mean, max, min, median]rolling(2, 6) on each pct_change and diff column",680,870.5106891333459,45.27423244368817,380.2253282180588,1596.769169792799,1459.7740260788373
MSFT,Transformer_Model,"num_heads=4, key_dim=2, dense_units=50, dropout_rate=0.1, activation=relu, batch_size=8, epochs=30","pct_change(1, 6) on cols['Open', 'High', 'Low', 'Close'], diff(1, 6) on cols['Open', 'High', 'Low', 'Close'], [mean, max, min, median]rolling(2, 6) on each pct_change and diff column",680,1081.9330174013242,61.830560576702865,542.6716561252251,1921.711296231885,1801.518556671483
MSFT,SEQ_2_SEQ_Model,"lstm_units=50, attention_units=50, activation=tanh, batch_size=8, epochs=30","pct_change(1, 6) on cols['Open', 'High', 'Low', 'Close'], diff(1, 6) on cols['Open', 'High', 'Low', 'Close'], [mean, max, min, median]rolling(2, 6) on each pct_change and diff column",680,1994.4954527431235,146.1928847571835,1040.4856776525933,3190.335689051742,3600.967559510975
MSFT,TCN_Model,"num_filters=64, kernel_size=2, dilation_rate1=1, dilation_rate2=2, dilation_rate3=4, activation=relu, batch_size=8, epochs=30","pct_change(1, 6) on cols['Open', 'High', 'Low', 'Close'], diff(1, 6) on cols['Open', 'High', 'Low', 'Close'], [mean, max, min, median]rolling(2, 6) on each pct_change and diff column",680,1064.6339184851054,76.1742074964568,631.1454164038545,1885.3648856334123,1665.8511644066978
AAPL,ARIMA_Baseline,"ARIMA(p=10, d=0, q=4)",Close_pct_change,1,220.04629597860585,42.298945099374706,163.92431663855746,367.68937498781753,306.2725471886738
AAPL,ETS_Model,"ETS(error=add, trend=add, seasonal=add, seasonal_periods=7)",Close,1,196.52291901125813,43.518913399974885,153.5486925561381,331.49374836564306,257.5303217232765
AAPL,Hybrid_Model,"ARIMA(p=4, d=0, q=3), LGBMRegressor(lags=50)","Trend component of Close, Residulas component of Close",2,123.75992776900664,39.37313599234117,86.4340007826002,221.54299287866056,147.68958142242468
AAPL,LSTM_Model,"lstm_units=6, dense_units=16, dense_activation=relu, lstm_activation=tanh, batch_size=8, epochs=30","pct_change(1, 6) on cols['Open', 'High', 'Low', 'Close'], diff(1, 6) on cols['Open', 'High', 'Low', 'Close'], [mean, max, min, median]rolling(2, 6) on each pct_change and diff column",680,161.38005360240018,30.6092378249658,106.32724531663449,270.54856679046395,238.03516447753645
AAPL,GRU_Model,"units=10, dense_activation=relu, gru_activation=tanh, batch_size=8, epochs=30","pct_change(1, 6) on cols['Open', 'High', 'Low', 'Close'], diff(1, 6) on cols['Open', 'High', 'Low', 'Close'], [mean, max, min, median]rolling(2, 6) on each pct_change and diff column",680,177.10814381895554,36.60747035300093,139.5661054845966,290.4455170335381,241.8134824046865
AAPL,Transformer_Model,"num_heads=4, key_dim=2, dense_units=50, dropout_rate=0.1, activation=relu, batch_size=8, epochs=30","pct_change(1, 6) on cols['Open', 'High', 'Low', 'Close'], diff(1, 6) on cols['Open', 'High', 'Low', 'Close'], [mean, max, min, median]rolling(2, 6) on each pct_change and diff column",680,171.76738312815516,38.99308137379454,133.33563399561015,296.57538051490803,218.16543662830787
AAPL,SEQ_2_SEQ_Model,"lstm_units=50, attention_units=50, activation=tanh, batch_size=8, epochs=30","pct_change(1, 6) on cols['Open', 'High', 'Low', 'Close'], diff(1, 6) on cols['Open', 'High', 'Low', 'Close'], [mean, max, min, median]rolling(2, 6) on each pct_change and diff column",680,47.76405351235631,13.834679672328223,21.025971503662213,86.21385722008667,69.98170565334814
AAPL,TCN_Model,"num_filters=64, kernel_size=2, dilation_rate1=1, dilation_rate2=2, dilation_rate3=4, activation=relu, batch_size=8, epochs=30","pct_change(1, 6) on cols['Open', 'High', 'Low', 'Close'], diff(1, 6) on cols['Open', 'High', 'Low', 'Close'], [mean, max, min, median]rolling(2, 6) on each pct_change and diff column",680,333.7603232990701,47.139300944084034,237.08423277579382,566.1776731152952,484.6400863611073
MDLZ,ARIMA_Baseline,"ARIMA(p=10, d=0, q=4)",Close_pct_change,1,3.2551028091560394,0.656759130852188,0.7427452272907179,5.296483212521418,6.324423665959833
MDLZ,ETS_Model,"ETS(error=add, trend=add, seasonal=add, seasonal_periods=7)",Close,1,3.9432364984738713,0.56841214894739,0.5296975389814529,6.627433407870972,8.047402898095667
MDLZ,Hybrid_Model,"ARIMA(p=4, d=0, q=3), LGBMRegressor(lags=50)","Trend component of Close, Residulas component of Close",2,2.9904820083991175,0.09192553601574849,0.5402693539408499,7.379080014610921,3.9506531290289506
MDLZ,LSTM_Model,"lstm_units=6, dense_units=16, dense_activation=relu, lstm_activation=tanh, batch_size=8, epochs=30","pct_change(1, 6) on cols['Open', 'High', 'Low', 'Close'], diff(1, 6) on cols['Open', 'High', 'Low', 'Close'], [mean, max, min, median]rolling(2, 6) on each pct_change and diff column",680,2.5507097563115946,1.149788699844586,1.0597969548876531,3.5804991667225425,4.412754203791597
MDLZ,GRU_Model,"units=10, dense_activation=relu, gru_activation=tanh, batch_size=8, epochs=30","pct_change(1, 6) on cols['Open', 'High', 'Low', 'Close'], diff(1, 6) on cols['Open', 'High', 'Low', 'Close'], [mean, max, min, median]rolling(2, 6) on each pct_change and diff column",680,3.4341885658151505,0.3199212510704196,0.4090743246488273,7.442368683721205,5.565390003820149
MDLZ,Transformer_Model,"num_heads=4, key_dim=2, dense_units=50, dropout_rate=0.1, activation=relu, batch_size=8, epochs=30","pct_change(1, 6) on cols['Open', 'High', 'Low', 'Close'], diff(1, 6) on cols['Open', 'High', 'Low', 'Close'], [mean, max, min, median]rolling(2, 6) on each pct_change and diff column",680,3.55038385705432,0.5772539840545505,0.5782397222771708,5.963918033804346,7.082123688081213
MDLZ,SEQ_2_SEQ_Model,"lstm_units=50, attention_units=50, activation=tanh, batch_size=8, epochs=30","pct_change(1, 6) on cols['Open', 'High', 'Low', 'Close'], diff(1, 6) on cols['Open', 'High', 'Low', 'Close'], [mean, max, min, median]rolling(2, 6) on each pct_change and diff column",680,1.98849628278653,0.7629809321037361,0.6139275472295205,3.7877500104368664,2.789326641375997
MDLZ,TCN_Model,"num_filters=64, kernel_size=2, dilation_rate1=1, dilation_rate2=2, dilation_rate3=4, activation=relu, batch_size=8, epochs=30","pct_change(1, 6) on cols['Open', 'High', 'Low', 'Close'], diff(1, 6) on cols['Open', 'High', 'Low', 'Close'], [mean, max, min, median]rolling(2, 6) on each pct_change and diff column",680,1.2106289974534385,0.6908398419784915,0.803898666353364,1.549596966867934,1.7981805146139647
PYPL,ARIMA_Baseline,"ARIMA(p=10, d=0, q=4)",Close_pct_change,1,8.344144296161065,3.011134670064702,10.370351482398373,4.252922504542829,15.742168527638352
PYPL,ETS_Model,"ETS(error=add, trend=add, seasonal=add, seasonal_periods=7)",Close,1,8.459558302491656,3.5943842198584326,10.72502398082297,4.1566223072988056,15.362202701986416
PYPL,Hybrid_Model,"ARIMA(p=4, d=0, q=3), LGBMRegressor(lags=50)","Trend component of Close, Residulas component of Close",2,6.06222153432539,3.841380840305817,16.754208224039072,2.5759531333020087,1.0773439396546667
PYPL,LSTM_Model,"lstm_units=6, dense_units=16, dense_activation=relu, lstm_activation=tanh, batch_size=8, epochs=30","pct_change(1, 6) on cols['Open', 'High', 'Low', 'Close'], diff(1, 6) on cols['Open', 'High', 'Low', 'Close'], [mean, max, min, median]rolling(2, 6) on each pct_change and diff column",680,6.7023265684791635,3.3197116004718867,11.179055511760193,2.7726249901731665,9.537914171511407
PYPL,GRU_Model,"units=10, dense_activation=relu, gru_activation=tanh, batch_size=8, epochs=30","pct_change(1, 6) on cols['Open', 'High', 'Low', 'Close'], diff(1, 6) on cols['Open', 'High', 'Low', 'Close'], [mean, max, min, median]rolling(2, 6) on each pct_change and diff column",680,9.160085536121187,3.8791958265792346,10.58892227294148,4.5482588434325795,17.623965201531455
PYPL,Transformer_Model,"num_heads=4, key_dim=2, dense_units=50, dropout_rate=0.1, activation=relu, batch_size=8, epochs=30","pct_change(1, 6) on cols['Open', 'High', 'Low', 'Close'], diff(1, 6) on cols['Open', 'High', 'Low', 'Close'], [mean, max, min, median]rolling(2, 6) on each pct_change and diff column",680,10.10862291487969,2.93945188150974,10.32762174371497,5.621430078687679,21.545987955606375
PYPL,SEQ_2_SEQ_Model,"lstm_units=50, attention_units=50, activation=tanh, batch_size=8, epochs=30","pct_change(1, 6) on cols['Open', 'High', 'Low', 'Close'], diff(1, 6) on cols['Open', 'High', 'Low', 'Close'], [mean, max, min, median]rolling(2, 6) on each pct_change and diff column",680,58.645488728690125,3.381165929959804,22.393017524425108,60.63752878251502,148.17024267786059
PYPL,TCN_Model,"num_filters=64, kernel_size=2, dilation_rate1=1, dilation_rate2=2, dilation_rate3=4, activation=relu, batch_size=8, epochs=30","pct_change(1, 6) on cols['Open', 'High', 'Low', 'Close'], diff(1, 6) on cols['Open', 'High', 'Low', 'Close'], [mean, max, min, median]rolling(2, 6) on each pct_change and diff column",680,8.69711102396312,2.866081124876343,10.3631087682318,4.802848921065951,16.75640528167839
ABNB,ARIMA_Baseline,"ARIMA(p=10, d=0, q=4)",Close_pct_change,1,525.9825319131049,3.400062759140602,99.00429715731478,624.8495830737636,1376.676184662201
ABNB,ETS_Model,"ETS(error=add, trend=add, seasonal=add, seasonal_periods=7)",Close,1,486.4989698752558,3.4533048822150336,90.14841201595615,579.5137673577949,1272.8803952450573
ABNB,Hybrid_Model,"ARIMA(p=4, d=0, q=3), LGBMRegressor(lags=50)","Trend component of Close, Residulas component of Close",2,319.2130899333551,1.7316303162446995,31.208047746737638,399.8826702717079,844.0300113987303
ABNB,LSTM_Model,"lstm_units=6, dense_units=16, dense_activation=relu, lstm_activation=tanh, batch_size=8, epochs=30","pct_change(1, 6) on cols['Open', 'High', 'Low', 'Close'], diff(1, 6) on cols['Open', 'High', 'Low', 'Close'], [mean, max, min, median]rolling(2, 6) on each pct_change and diff column",680,497.89639285406366,3.442817867035046,85.89112093718722,602.2976394181688,1299.9539931938634
ABNB,GRU_Model,"units=10, dense_activation=relu, gru_activation=tanh, batch_size=8, epochs=30","pct_change(1, 6) on cols['Open', 'High', 'Low', 'Close'], diff(1, 6) on cols['Open', 'High', 'Low', 'Close'], [mean, max, min, median]rolling(2, 6) on each pct_change and diff column",680,463.18333857933095,3.332719020013298,78.32078382246462,560.5535616537173,1210.5262898211283
ABNB,Transformer_Model,"num_heads=4, key_dim=2, dense_units=50, dropout_rate=0.1, activation=relu, batch_size=8, epochs=30","pct_change(1, 6) on cols['Open', 'High', 'Low', 'Close'], diff(1, 6) on cols['Open', 'High', 'Low', 'Close'], [mean, max, min, median]rolling(2, 6) on each pct_change and diff column",680,428.61224236180504,3.1676906683548753,73.02115258042302,511.9420182720974,1126.318107926345
ABNB,SEQ_2_SEQ_Model,"lstm_units=50, attention_units=50, activation=tanh, batch_size=8, epochs=30","pct_change(1, 6) on cols['Open', 'High', 'Low', 'Close'], diff(1, 6) on cols['Open', 'High', 'Low', 'Close'], [mean, max, min, median]rolling(2, 6) on each pct_change and diff column",680,1026.5160002319608,13.136322276766546,271.14711179231693,1347.0612559206202,2474.7193109381396
ABNB,TCN_Model,"num_filters=64, kernel_size=2, dilation_rate1=1, dilation_rate2=2, dilation_rate3=4, activation=relu, batch_size=8, epochs=30","pct_change(1, 6) on cols['Open', 'High', 'Low', 'Close'], diff(1, 6) on cols['Open', 'High', 'Low', 'Close'], [mean, max, min, median]rolling(2, 6) on each pct_change and diff column",680,324.07974292922466,4.770535735812571,70.99034265126102,404.79823473346187,815.7598585963632
KO,ARIMA_Baseline,"ARIMA(p=10, d=0, q=4)",Close_pct_change,1,4.262480993457027,0.1103801255466436,1.618685240910479,8.269728062699112,7.051130544671873
KO,ETS_Model,"ETS(error=add, trend=add, seasonal=add, seasonal_periods=7)",Close,1,6.15958598898654,0.08777364166983613,2.920212127240326,11.428563707667802,10.201794479368187
KO,Hybrid_Model,"ARIMA(p=4, d=0, q=3), LGBMRegressor(lags=50)","Trend component of Close, Residulas component of Close",2,7.013588912736955,0.1751568683622187,3.7048762376305637,11.729724978446939,12.444597566508094
KO,LSTM_Model,"lstm_units=6, dense_units=16, dense_activation=relu, lstm_activation=tanh, batch_size=8, epochs=30","pct_change(1, 6) on cols['Open', 'High', 'Low', 'Close'], diff(1, 6) on cols['Open', 'High', 'Low', 'Close'], [mean, max, min, median]rolling(2, 6) on each pct_change and diff column",680,5.279916880824852,0.11220976327812034,2.610517371487471,9.7564936869811,8.640446701552719
KO,GRU_Model,"units=10, dense_activation=relu, gru_activation=tanh, batch_size=8, epochs=30","pct_change(1, 6) on cols['Open', 'High', 'Low', 'Close'], diff(1, 6) on cols['Open', 'High', 'Low', 'Close'], [mean, max, min, median]rolling(2, 6) on each pct_change and diff column",680,5.065095723224139,0.11843644388552223,2.034421993677305,9.414456341390698,8.69306811394303
KO,Transformer_Model,"num_heads=4, key_dim=2, dense_units=50, dropout_rate=0.1, activation=relu, batch_size=8, epochs=30","pct_change(1, 6) on cols['Open', 'High', 'Low', 'Close'], diff(1, 6) on cols['Open', 'High', 'Low', 'Close'], [mean, max, min, median]rolling(2, 6) on each pct_change and diff column",680,5.461911368979989,0.0884119202632324,2.583907508923273,10.374694633730021,8.80063141300343
KO,SEQ_2_SEQ_Model,"lstm_units=50, attention_units=50, activation=tanh, batch_size=8, epochs=30","pct_change(1, 6) on cols['Open', 'High', 'Low', 'Close'], diff(1, 6) on cols['Open', 'High', 'Low', 'Close'], [mean, max, min, median]rolling(2, 6) on each pct_change and diff column",680,7.363848033991027,0.055712465928601365,3.199635872226541,13.290270478689179,12.909773319119788
KO,TCN_Model,"num_filters=64, kernel_size=2, dilation_rate1=1, dilation_rate2=2, dilation_rate3=4, activation=relu, batch_size=8, epochs=30","pct_change(1, 6) on cols['Open', 'High', 'Low', 'Close'], diff(1, 6) on cols['Open', 'High', 'Low', 'Close'], [mean, max, min, median]rolling(2, 6) on each pct_change and diff column",680,4.109318410682525,0.10225887476865735,2.22723757660216,8.751076114513646,5.3567010768456385
BAC,ARIMA_Baseline,"ARIMA(p=10, d=0, q=4)",Close_pct_change,1,23.64964510748742,2.1091532000660975,8.04726850952116,46.2464752428696,38.19568347749281
BAC,ETS_Model,"ETS(error=add, trend=add, seasonal=add, seasonal_periods=7)",Close,1,28.987393010436318,2.5587899499058864,10.705263025823374,54.690109078977464,47.99540998703854
BAC,Hybrid_Model,"ARIMA(p=4, d=0, q=3), LGBMRegressor(lags=50)","Trend component of Close, Residulas component of Close",2,5.889804574282079,0.28870617038536706,1.1474400281136237,16.298286500015955,5.824785598613365
BAC,LSTM_Model,"lstm_units=6, dense_units=16, dense_activation=relu, lstm_activation=tanh, batch_size=8, epochs=30","pct_change(1, 6) on cols['Open', 'High', 'Low', 'Close'], diff(1, 6) on cols['Open', 'High', 'Low', 'Close'], [mean, max, min, median]rolling(2, 6) on each pct_change and diff column",680,23.3492516630904,2.2304232234808814,7.7596743126092145,44.66070545744775,38.74620365882375
BAC,GRU_Model,"units=10, dense_activation=relu, gru_activation=tanh, batch_size=8, epochs=30","pct_change(1, 6) on cols['Open', 'High', 'Low', 'Close'], diff(1, 6) on cols['Open', 'High', 'Low', 'Close'], [mean, max, min, median]rolling(2, 6) on each pct_change and diff column",680,24.544491121256474,2.1351849706011956,8.838725897323457,47.74379538720158,39.46025822989967
BAC,Transformer_Model,"num_heads=4, key_dim=2, dense_units=50, dropout_rate=0.1, activation=relu, batch_size=8, epochs=30","pct_change(1, 6) on cols['Open', 'High', 'Low', 'Close'], diff(1, 6) on cols['Open', 'High', 'Low', 'Close'], [mean, max, min, median]rolling(2, 6) on each pct_change and diff column",680,22.99935821771682,2.2090501060281116,8.003023505244139,45.33792634296905,36.447432916625985
BAC,SEQ_2_SEQ_Model,"lstm_units=50, attention_units=50, activation=tanh, batch_size=8, epochs=30","pct_change(1, 6) on cols['Open', 'High', 'Low', 'Close'], diff(1, 6) on cols['Open', 'High', 'Low', 'Close'], [mean, max, min, median]rolling(2, 6) on each pct_change and diff column",680,34.2400716747995,2.5600236198203805,12.906453255503688,64.33904559613231,57.154764227741644
BAC,TCN_Model,"num_filters=64, kernel_size=2, dilation_rate1=1, dilation_rate2=2, dilation_rate3=4, activation=relu, batch_size=8, epochs=30","pct_change(1, 6) on cols['Open', 'High', 'Low', 'Close'], diff(1, 6) on cols['Open', 'High', 'Low', 'Close'], [mean, max, min, median]rolling(2, 6) on each pct_change and diff column",680,20.083896985981223,6.955234403821772,7.596333642806193,37.25944926673713,28.524570630559797
JPM,ARIMA_Baseline,"ARIMA(p=10, d=0, q=4)",Close_pct_change,1,191.51316406348514,61.714198372432364,49.133681560037864,420.0167488802222,235.18802744124812
JPM,ETS_Model,"ETS(error=add, trend=add, seasonal=add, seasonal_periods=7)",Close,1,181.88145554617748,62.819065628680725,48.251830186653386,404.93325306807037,211.5216733013056
JPM,Hybrid_Model,"ARIMA(p=4, d=0, q=3), LGBMRegressor(lags=50)","Trend component of Close, Residulas component of Close",2,61.961403747321846,18.355846267586298,3.2771777539026923,198.61835983468455,27.594231133113848
JPM,LSTM_Model,"lstm_units=6, dense_units=16, dense_activation=relu, lstm_activation=tanh, batch_size=8, epochs=30","pct_change(1, 6) on cols['Open', 'High', 'Low', 'Close'], diff(1, 6) on cols['Open', 'High', 'Low', 'Close'], [mean, max, min, median]rolling(2, 6) on each pct_change and diff column",680,150.71839248503758,59.053888933067874,37.28243939199352,339.6463105139389,166.89093110115002
JPM,GRU_Model,"units=10, dense_activation=relu, gru_activation=tanh, batch_size=8, epochs=30","pct_change(1, 6) on cols['Open', 'High', 'Low', 'Close'], diff(1, 6) on cols['Open', 'High', 'Low', 'Close'], [mean, max, min, median]rolling(2, 6) on each pct_change and diff column",680,146.15651520121278,55.151483479587895,30.71018956957518,339.48381772101857,159.28057003466944
JPM,Transformer_Model,"num_heads=4, key_dim=2, dense_units=50, dropout_rate=0.1, activation=relu, batch_size=8, epochs=30","pct_change(1, 6) on cols['Open', 'High', 'Low', 'Close'], diff(1, 6) on cols['Open', 'High', 'Low', 'Close'], [mean, max, min, median]rolling(2, 6) on each pct_change and diff column",680,176.24656049836526,56.7501844531923,42.135405474342406,396.1603812670136,209.9402707989128
JPM,SEQ_2_SEQ_Model,"lstm_units=50, attention_units=50, activation=tanh, batch_size=8, epochs=30","pct_change(1, 6) on cols['Open', 'High', 'Low', 'Close'], diff(1, 6) on cols['Open', 'High', 'Low', 'Close'], [mean, max, min, median]rolling(2, 6) on each pct_change and diff column",680,196.3214786909271,53.793615638112115,50.7368268752138,458.93830778952025,221.81716446086233
JPM,TCN_Model,"num_filters=64, kernel_size=2, dilation_rate1=1, dilation_rate2=2, dilation_rate3=4, activation=relu, batch_size=8, epochs=30","pct_change(1, 6) on cols['Open', 'High', 'Low', 'Close'], diff(1, 6) on cols['Open', 'High', 'Low', 'Close'], [mean, max, min, median]rolling(2, 6) on each pct_change and diff column",680,239.7501134207123,93.66398456193772,86.20034264962722,526.5573128485454,252.5788136227389
XOM,ARIMA_Baseline,"ARIMA(p=10, d=0, q=4)",Close_pct_change,1,2.3896822004575506,4.592183637555122,0.5478648585075524,3.3615547863782957,1.0571255193892337
XOM,ETS_Model,"ETS(error=add, trend=add, seasonal=add, seasonal_periods=7)",Close,1,3.6138958982407012,6.916798314631666,1.0075047741874747,6.274387223732718,0.25689328041094633
XOM,Hybrid_Model,"ARIMA(p=4, d=0, q=3), LGBMRegressor(lags=50)","Trend component of Close, Residulas component of Close",2,4.306637640442467,1.063696986066556,3.484013295291228,2.790309510854656,9.888530769557425
XOM,LSTM_Model,"lstm_units=6, dense_units=16, dense_activation=relu, lstm_activation=tanh, batch_size=8, epochs=30","pct_change(1, 6) on cols['Open', 'High', 'Low', 'Close'], diff(1, 6) on cols['Open', 'High', 'Low', 'Close'], [mean, max, min, median]rolling(2, 6) on each pct_change and diff column",680,8.18637058610953,9.131882074480277,3.849161118086028,15.777490142641389,3.9869490092304267
XOM,GRU_Model,"units=10, dense_activation=relu, gru_activation=tanh, batch_size=8, epochs=30","pct_change(1, 6) on cols['Open', 'High', 'Low', 'Close'], diff(1, 6) on cols['Open', 'High', 'Low', 'Close'], [mean, max, min, median]rolling(2, 6) on each pct_change and diff column",680,14.127210141240669,6.365701308889713,2.1262577774219347,31.264359822155843,16.752521656495187
XOM,Transformer_Model,"num_heads=4, key_dim=2, dense_units=50, dropout_rate=0.1, activation=relu, batch_size=8, epochs=30","pct_change(1, 6) on cols['Open', 'High', 'Low', 'Close'], diff(1, 6) on cols['Open', 'High', 'Low', 'Close'], [mean, max, min, median]rolling(2, 6) on each pct_change and diff column",680,8.738912714181684,7.823248641590388,2.9893085169689066,18.037763081457733,6.1053306167097094
XOM,SEQ_2_SEQ_Model,"lstm_units=50, attention_units=50, activation=tanh, batch_size=8, epochs=30","pct_change(1, 6) on cols['Open', 'High', 'Low', 'Close'], diff(1, 6) on cols['Open', 'High', 'Low', 'Close'], [mean, max, min, median]rolling(2, 6) on each pct_change and diff column",680,2.5702675580479473,2.1476659328992747,2.8379520809560614,4.4469867128063925,0.8484655055300598
XOM,TCN_Model,"num_filters=64, kernel_size=2, dilation_rate1=1, dilation_rate2=2, dilation_rate3=4, activation=relu, batch_size=8, epochs=30","pct_change(1, 6) on cols['Open', 'High', 'Low', 'Close'], diff(1, 6) on cols['Open', 'High', 'Low', 'Close'], [mean, max, min, median]rolling(2, 6) on each pct_change and diff column",680,11.151693447952441,7.5345261114582955,6.146952728923809,24.42179841914081,6.50349653228685
PG,ARIMA_Baseline,"ARIMA(p=10, d=0, q=4)",Close_pct_change,1,6.706892901288938,1.3902823417368144,19.56238566662524,2.8450136958413217,3.029889900952375
PG,ETS_Model,"ETS(error=add, trend=add, seasonal=add, seasonal_periods=7)",Close,1,6.02478661738459,1.1253277868427292,17.960186351678882,2.3379660473273467,2.675666283689398
PG,Hybrid_Model,"ARIMA(p=4, d=0, q=3), LGBMRegressor(lags=50)","Trend component of Close, Residulas component of Close",2,13.298867143955956,1.0463973326887877,12.700545997894423,14.523282821337128,24.92524242390348
PG,LSTM_Model,"lstm_units=6, dense_units=16, dense_activation=relu, lstm_activation=tanh, batch_size=8, epochs=30","pct_change(1, 6) on cols['Open', 'High', 'Low', 'Close'], diff(1, 6) on cols['Open', 'High', 'Low', 'Close'], [mean, max, min, median]rolling(2, 6) on each pct_change and diff column",680,5.85014997779425,0.8693721030639219,15.695184087347505,2.967556109385831,3.8684876113797406
PG,GRU_Model,"units=10, dense_activation=relu, gru_activation=tanh, batch_size=8, epochs=30","pct_change(1, 6) on cols['Open', 'High', 'Low', 'Close'], diff(1, 6) on cols['Open', 'High', 'Low', 'Close'], [mean, max, min, median]rolling(2, 6) on each pct_change and diff column",680,6.850911492598243,1.8614651623315044,18.554381550954922,3.2692742911500057,3.718524965956541
PG,Transformer_Model,"num_heads=4, key_dim=2, dense_units=50, dropout_rate=0.1, activation=relu, batch_size=8, epochs=30","pct_change(1, 6) on cols['Open', 'High', 'Low', 'Close'], diff(1, 6) on cols['Open', 'High', 'Low', 'Close'], [mean, max, min, median]rolling(2, 6) on each pct_change and diff column",680,5.940209378480047,0.9602350623213819,17.712536662950047,2.4449791495821307,2.643086639066626
PG,SEQ_2_SEQ_Model,"lstm_units=50, attention_units=50, activation=tanh, batch_size=8, epochs=30","pct_change(1, 6) on cols['Open', 'High', 'Low', 'Close'], diff(1, 6) on cols['Open', 'High', 'Low', 'Close'], [mean, max, min, median]rolling(2, 6) on each pct_change and diff column",680,9.37414375715889,1.215676401309403,27.835143232086143,5.628049514555771,2.817705880684246
PG,TCN_Model,"num_filters=64, kernel_size=2, dilation_rate1=1, dilation_rate2=2, dilation_rate3=4, activation=relu, batch_size=8, epochs=30","pct_change(1, 6) on cols['Open', 'High', 'Low', 'Close'], diff(1, 6) on cols['Open', 'High', 'Low', 'Close'], [mean, max, min, median]rolling(2, 6) on each pct_change and diff column",680,6.462101153896323,0.9804706113812115,18.291273164662666,2.814285102566438,3.762375736974978
JNJ,ARIMA_Baseline,"ARIMA(p=10, d=0, q=4)",Close_pct_change,1,10.01145361605103,7.575222769413131,6.272468742277306,20.857531903252035,5.340591049261652
JNJ,ETS_Model,"ETS(error=add, trend=add, seasonal=add, seasonal_periods=7)",Close,1,16.32952072610573,5.366882366333507,12.763936053200407,33.44529479461208,13.741969690276928
JNJ,Hybrid_Model,"ARIMA(p=4, d=0, q=3), LGBMRegressor(lags=50)","Trend component of Close, Residulas component of Close",2,14.65217331182633,1.635678216789635,14.57198811914428,27.966736032182805,14.434290879188609
JNJ,LSTM_Model,"lstm_units=6, dense_units=16, dense_activation=relu, lstm_activation=tanh, batch_size=8, epochs=30","pct_change(1, 6) on cols['Open', 'High', 'Low', 'Close'], diff(1, 6) on cols['Open', 'High', 'Low', 'Close'], [mean, max, min, median]rolling(2, 6) on each pct_change and diff column",680,15.362391624907364,3.6365463161574945,16.42416178671244,34.092498215547366,7.296360181212159
JNJ,GRU_Model,"units=10, dense_activation=relu, gru_activation=tanh, batch_size=8, epochs=30","pct_change(1, 6) on cols['Open', 'High', 'Low', 'Close'], diff(1, 6) on cols['Open', 'High', 'Low', 'Close'], [mean, max, min, median]rolling(2, 6) on each pct_change and diff column",680,15.882339930785488,5.275192899496427,12.901385708545734,32.02673637757211,13.32604473752768
JNJ,Transformer_Model,"num_heads=4, key_dim=2, dense_units=50, dropout_rate=0.1, activation=relu, batch_size=8, epochs=30","pct_change(1, 6) on cols['Open', 'High', 'Low', 'Close'], diff(1, 6) on cols['Open', 'High', 'Low', 'Close'], [mean, max, min, median]rolling(2, 6) on each pct_change and diff column",680,14.014677746645507,5.118385022971779,11.711086090188473,29.74282246255981,9.486417410861966
JNJ,SEQ_2_SEQ_Model,"lstm_units=50, attention_units=50, activation=tanh, batch_size=8, epochs=30","pct_change(1, 6) on cols['Open', 'High', 'Low', 'Close'], diff(1, 6) on cols['Open', 'High', 'Low', 'Close'], [mean, max, min, median]rolling(2, 6) on each pct_change and diff column",680,16.148433420890278,3.2983801053903465,14.734309314084905,34.07379050419799,12.487253759887867
JNJ,TCN_Model,"num_filters=64, kernel_size=2, dilation_rate1=1, dilation_rate2=2, dilation_rate3=4, activation=relu, batch_size=8, epochs=30","pct_change(1, 6) on cols['Open', 'High', 'Low', 'Close'], diff(1, 6) on cols['Open', 'High', 'Low', 'Close'], [mean, max, min, median]rolling(2, 6) on each pct_change and diff column",680,11.678339949010738,6.584066952212846,9.588025571745154,24.794258908302123,5.747008363782827
MRK,ARIMA_Baseline,"ARIMA(p=10, d=0, q=4)",Close_pct_change,1,100.41229904886835,1.5873379296331833,46.65896006085662,180.8011687005875,172.601729504396
MRK,ETS_Model,"ETS(error=add, trend=add, seasonal=add, seasonal_periods=7)",Close,1,94.59480543449456,1.0120344280624045,43.42681203891626,171.66316100657016,162.2772142644294
MRK,Hybrid_Model,"ARIMA(p=4, d=0, q=3), LGBMRegressor(lags=50)","Trend component of Close, Residulas component of Close",2,61.78026028158513,4.499362765487351,35.09500544435706,120.72031926082374,86.8063536556724
MRK,LSTM_Model,"lstm_units=6, dense_units=16, dense_activation=relu, lstm_activation=tanh, batch_size=8, epochs=30","pct_change(1, 6) on cols['Open', 'High', 'Low', 'Close'], diff(1, 6) on cols['Open', 'High', 'Low', 'Close'], [mean, max, min, median]rolling(2, 6) on each pct_change and diff column",680,105.06020118533966,0.8641500913072377,45.98013898538193,186.0267490288991,187.3697666357704
MRK,GRU_Model,"units=10, dense_activation=relu, gru_activation=tanh, batch_size=8, epochs=30","pct_change(1, 6) on cols['Open', 'High', 'Low', 'Close'], diff(1, 6) on cols['Open', 'High', 'Low', 'Close'], [mean, max, min, median]rolling(2, 6) on each pct_change and diff column",680,117.9941117303658,1.6776579410569477,50.63955013412384,205.00282484263047,214.65641400365192
MRK,Transformer_Model,"num_heads=4, key_dim=2, dense_units=50, dropout_rate=0.1, activation=relu, batch_size=8, epochs=30","pct_change(1, 6) on cols['Open', 'High', 'Low', 'Close'], diff(1, 6) on cols['Open', 'High', 'Low', 'Close'], [mean, max, min, median]rolling(2, 6) on each pct_change and diff column",680,99.31682261973869,0.9605312906954039,45.03498506944327,177.50230301789375,173.76947110092235
MRK,SEQ_2_SEQ_Model,"lstm_units=50, attention_units=50, activation=tanh, batch_size=8, epochs=30","pct_change(1, 6) on cols['Open', 'High', 'Low', 'Close'], diff(1, 6) on cols['Open', 'High', 'Low', 'Close'], [mean, max, min, median]rolling(2, 6) on each pct_change and diff column",680,101.16956026461101,0.7401239167749216,43.795273398415056,183.14872355311778,176.99412019013627
MRK,TCN_Model,"num_filters=64, kernel_size=2, dilation_rate1=1, dilation_rate2=2, dilation_rate3=4, activation=relu, batch_size=8, epochs=30","pct_change(1, 6) on cols['Open', 'High', 'Low', 'Close'], diff(1, 6) on cols['Open', 'High', 'Low', 'Close'], [mean, max, min, median]rolling(2, 6) on each pct_change and diff column",680,72.42162138570191,2.6297720529671227,48.489235485887285,151.38214458972547,87.18533341422777
NFLX,ARIMA_Baseline,"ARIMA(p=10, d=0, q=4)",Close_pct_change,1,1374.583548845389,220.85734535086036,934.5077276598,3052.6563206534147,1290.3128017174824
NFLX,ETS_Model,"ETS(error=add, trend=add, seasonal=add, seasonal_periods=7)",Close,1,903.053530584797,151.03386819523035,624.9425861887156,2196.4382738683926,639.7993940868497
NFLX,Hybrid_Model,"ARIMA(p=4, d=0, q=3), LGBMRegressor(lags=50)","Trend component of Close, Residulas component of Close",2,201.12152253841668,90.15138530096631,11.165520375941796,70.72214645541825,632.4470380213404
NFLX,LSTM_Model,"lstm_units=6, dense_units=16, dense_activation=relu, lstm_activation=tanh, batch_size=8, epochs=30","pct_change(1, 6) on cols['Open', 'High', 'Low', 'Close'], diff(1, 6) on cols['Open', 'High', 'Low', 'Close'], [mean, max, min, median]rolling(2, 6) on each pct_change and diff column",680,829.2393855552322,149.48099832183547,704.1281310335866,2138.763954697975,324.58445816753164
NFLX,GRU_Model,"units=10, dense_activation=relu, gru_activation=tanh, batch_size=8, epochs=30","pct_change(1, 6) on cols['Open', 'High', 'Low', 'Close'], diff(1, 6) on cols['Open', 'High', 'Low', 'Close'], [mean, max, min, median]rolling(2, 6) on each pct_change and diff column",680,860.7585707076693,197.72516656879867,762.1674769387713,1883.3461702162665,599.7954691068402
NFLX,Transformer_Model,"num_heads=4, key_dim=2, dense_units=50, dropout_rate=0.1, activation=relu, batch_size=8, epochs=30","pct_change(1, 6) on cols['Open', 'High', 'Low', 'Close'], diff(1, 6) on cols['Open', 'High', 'Low', 'Close'], [mean, max, min, median]rolling(2, 6) on each pct_change and diff column",680,710.950188478588,117.30681620165706,508.2791804862874,1824.0641302785702,394.1506269478372
NFLX,SEQ_2_SEQ_Model,"lstm_units=50, attention_units=50, activation=tanh, batch_size=8, epochs=30","pct_change(1, 6) on cols['Open', 'High', 'Low', 'Close'], diff(1, 6) on cols['Open', 'High', 'Low', 'Close'], [mean, max, min, median]rolling(2, 6) on each pct_change and diff column",680,1446.482787879583,38.11590430459806,1079.7092875375279,4010.106433783791,657.9995258924152
NFLX,TCN_Model,"num_filters=64, kernel_size=2, dilation_rate1=1, dilation_rate2=2, dilation_rate3=4, activation=relu, batch_size=8, epochs=30","pct_change(1, 6) on cols['Open', 'High', 'Low', 'Close'], diff(1, 6) on cols['Open', 'High', 'Low', 'Close'], [mean, max, min, median]rolling(2, 6) on each pct_change and diff column",680,753.6646829195587,149.71699030857002,568.0015783655856,1846.188779820289,450.7513831837901
CVX,ARIMA_Baseline,"ARIMA(p=10, d=0, q=4)",Close_pct_change,1,108.53502792250791,13.247094272905068,4.765905556510247,183.2356078991154,232.89150396150097
CVX,ETS_Model,"ETS(error=add, trend=add, seasonal=add, seasonal_periods=7)",Close,1,132.09107234305216,19.490545390887657,12.842775316312908,220.89502341405003,275.1359452509579
CVX,Hybrid_Model,"ARIMA(p=4, d=0, q=3), LGBMRegressor(lags=50)","Trend component of Close, Residulas component of Close",2,102.60741803522548,8.546123193572027,3.0154329132886097,199.0745309253967,199.79358510864458
CVX,LSTM_Model,"lstm_units=6, dense_units=16, dense_activation=relu, lstm_activation=tanh, batch_size=8, epochs=30","pct_change(1, 6) on cols['Open', 'High', 'Low', 'Close'], diff(1, 6) on cols['Open', 'High', 'Low', 'Close'], [mean, max, min, median]rolling(2, 6) on each pct_change and diff column",680,172.2016687894689,20.73841738068898,18.29460614936293,276.39373570008735,373.37991592773636
CVX,GRU_Model,"units=10, dense_activation=relu, gru_activation=tanh, batch_size=8, epochs=30","pct_change(1, 6) on cols['Open', 'High', 'Low', 'Close'], diff(1, 6) on cols['Open', 'High', 'Low', 'Close'], [mean, max, min, median]rolling(2, 6) on each pct_change and diff column",680,164.36671057463224,22.338093586166256,17.38038623366239,267.700093211074,350.0482692676264
CVX,Transformer_Model,"num_heads=4, key_dim=2, dense_units=50, dropout_rate=0.1, activation=relu, batch_size=8, epochs=30","pct_change(1, 6) on cols['Open', 'High', 'Low', 'Close'], diff(1, 6) on cols['Open', 'High', 'Low', 'Close'], [mean, max, min, median]rolling(2, 6) on each pct_change and diff column",680,175.11925723176682,20.943135392652557,19.63973923286955,283.87457139873214,376.01958290281306
CVX,SEQ_2_SEQ_Model,"lstm_units=50, attention_units=50, activation=tanh, batch_size=8, epochs=30","pct_change(1, 6) on cols['Open', 'High', 'Low', 'Close'], diff(1, 6) on cols['Open', 'High', 'Low', 'Close'], [mean, max, min, median]rolling(2, 6) on each pct_change and diff column",680,145.88903305666256,10.733677309472114,6.632918801690851,263.8321656536843,302.35737046180293
CVX,TCN_Model,"num_filters=64, kernel_size=2, dilation_rate1=1, dilation_rate2=2, dilation_rate3=4, activation=relu, batch_size=8, epochs=30","pct_change(1, 6) on cols['Open', 'High', 'Low', 'Close'], diff(1, 6) on cols['Open', 'High', 'Low', 'Close'], [mean, max, min, median]rolling(2, 6) on each pct_change and diff column",680,145.96615712510953,25.162378333076568,18.079014587282604,235.17474732185448,305.44848825822453
UBER,ARIMA_Baseline,"ARIMA(p=10, d=0, q=4)",Close_pct_change,1,38.75949973837039,4.672152429008187,34.02760315991072,108.8419895216915,7.496253842871162
UBER,ETS_Model,"ETS(error=add, trend=add, seasonal=add, seasonal_periods=7)",Close,1,32.84324200049909,4.792472072051534,29.889491154813992,93.68497374846186,3.00603102666896
UBER,Hybrid_Model,"ARIMA(p=4, d=0, q=3), LGBMRegressor(lags=50)","Trend component of Close, Residulas component of Close",2,43.51116750347717,19.107882556713598,46.9567041148786,105.42920255200217,2.5508807903143165
UBER,LSTM_Model,"lstm_units=6, dense_units=16, dense_activation=relu, lstm_activation=tanh, batch_size=8, epochs=30","pct_change(1, 6) on cols['Open', 'High', 'Low', 'Close'], diff(1, 6) on cols['Open', 'High', 'Low', 'Close'], [mean, max, min, median]rolling(2, 6) on each pct_change and diff column",680,28.29014322592775,2.92196176811454,26.864849514273892,81.77097864257978,1.6027829787427825
UBER,GRU_Model,"units=10, dense_activation=relu, gru_activation=tanh, batch_size=8, epochs=30","pct_change(1, 6) on cols['Open', 'High', 'Low', 'Close'], diff(1, 6) on cols['Open', 'High', 'Low', 'Close'], [mean, max, min, median]rolling(2, 6) on each pct_change and diff column",680,24.742480502450885,2.646087213552424,13.410677239793586,71.64309658971823,11.270060966739297
UBER,Transformer_Model,"num_heads=4, key_dim=2, dense_units=50, dropout_rate=0.1, activation=relu, batch_size=8, epochs=30","pct_change(1, 6) on cols['Open', 'High', 'Low', 'Close'], diff(1, 6) on cols['Open', 'High', 'Low', 'Close'], [mean, max, min, median]rolling(2, 6) on each pct_change and diff column",680,27.800727718451007,3.5653549372551163,24.46800390700394,81.56519693065742,1.6043550988875463
UBER,SEQ_2_SEQ_Model,"lstm_units=50, attention_units=50, activation=tanh, batch_size=8, epochs=30","pct_change(1, 6) on cols['Open', 'High', 'Low', 'Close'], diff(1, 6) on cols['Open', 'High', 'Low', 'Close'], [mean, max, min, median]rolling(2, 6) on each pct_change and diff column",680,19.31935427170486,2.3215294165004576,22.387429877812142,47.79257915535917,4.7758786371476685
UBER,TCN_Model,"num_filters=64, kernel_size=2, dilation_rate1=1, dilation_rate2=2, dilation_rate3=4, activation=relu, batch_size=8, epochs=30","pct_change(1, 6) on cols['Open', 'High', 'Low', 'Close'], diff(1, 6) on cols['Open', 'High', 'Low', 'Close'], [mean, max, min, median]rolling(2, 6) on each pct_change and diff column",680,38.84914712602612,2.2377041222976652,38.9717024283309,113.11925199468429,1.0679299587916051
T,ARIMA_Baseline,"ARIMA(p=10, d=0, q=4)",Close_pct_change,1,0.07869572986333409,0.19895498324383756,0.02964109803128881,0.03440807810524742,0.051778760072962594
T,ETS_Model,"ETS(error=add, trend=add, seasonal=add, seasonal_periods=7)",Close,1,0.07552393275312207,0.1817864764007848,0.03227357462163354,0.031456517273795934,0.05657916271627402
T,Hybrid_Model,"ARIMA(p=4, d=0, q=3), LGBMRegressor(lags=50)","Trend component of Close, Residulas component of Close",2,0.9411441412916917,0.09691823667311701,0.3137825072883244,0.8842449336587604,2.469630887546565
T,LSTM_Model,"lstm_units=6, dense_units=16, dense_activation=relu, lstm_activation=tanh, batch_size=8, epochs=30","pct_change(1, 6) on cols['Open', 'High', 'Low', 'Close'], diff(1, 6) on cols['Open', 'High', 'Low', 'Close'], [mean, max, min, median]rolling(2, 6) on each pct_change and diff column",680,0.07233366416377456,0.16502045940848933,0.030643062617725394,0.03915601037754511,0.05451512425133842
T,GRU_Model,"units=10, dense_activation=relu, gru_activation=tanh, batch_size=8, epochs=30","pct_change(1, 6) on cols['Open', 'High', 'Low', 'Close'], diff(1, 6) on cols['Open', 'High', 'Low', 'Close'], [mean, max, min, median]rolling(2, 6) on each pct_change and diff column",680,0.10261218956981923,0.17836711689493054,0.028987216602087886,0.049297382517709466,0.15379704226454902
T,Transformer_Model,"num_heads=4, key_dim=2, dense_units=50, dropout_rate=0.1, activation=relu, batch_size=8, epochs=30","pct_change(1, 6) on cols['Open', 'High', 'Low', 'Close'], diff(1, 6) on cols['Open', 'High', 'Low', 'Close'], [mean, max, min, median]rolling(2, 6) on each pct_change and diff column",680,0.07535639636119283,0.18656013157150092,0.026256861142298606,0.03800976437871993,0.05059882835225186
T,SEQ_2_SEQ_Model,"lstm_units=50, attention_units=50, activation=tanh, batch_size=8, epochs=30","pct_change(1, 6) on cols['Open', 'High', 'Low', 'Close'], diff(1, 6) on cols['Open', 'High', 'Low', 'Close'], [mean, max, min, median]rolling(2, 6) on each pct_change and diff column",680,0.12618664244226757,0.2305323244119271,0.026007239429808187,0.09957273741851427,0.14863426850882075
T,TCN_Model,"num_filters=64, kernel_size=2, dilation_rate1=1, dilation_rate2=2, dilation_rate3=4, activation=relu, batch_size=8, epochs=30","pct_change(1, 6) on cols['Open', 'High', 'Low', 'Close'], diff(1, 6) on cols['Open', 'High', 'Low', 'Close'], [mean, max, min, median]rolling(2, 6) on each pct_change and diff column",680,0.17171963253895228,0.2374290653481564,0.15399068762105475,0.261499605327117,0.033959171859480976
NKE,ARIMA_Baseline,"ARIMA(p=10, d=0, q=4)",Close_pct_change,1,6.201722160746399,1.078117230272628,2.0655493868905834,2.310957673518193,19.35226435230419
NKE,ETS_Model,"ETS(error=add, trend=add, seasonal=add, seasonal_periods=7)",Close,1,7.519295487162359,1.067989904227098,2.3029082473235616,3.3630089578864357,23.343274839212338
NKE,Hybrid_Model,"ARIMA(p=4, d=0, q=3), LGBMRegressor(lags=50)","Trend component of Close, Residulas component of Close",2,21.99943729828217,8.40043496238864,11.780917541140537,47.29827655019396,20.51812013940555
NKE,LSTM_Model,"lstm_units=6, dense_units=16, dense_activation=relu, lstm_activation=tanh, batch_size=8, epochs=30","pct_change(1, 6) on cols['Open', 'High', 'Low', 'Close'], diff(1, 6) on cols['Open', 'High', 'Low', 'Close'], [mean, max, min, median]rolling(2, 6) on each pct_change and diff column",680,3.3411578520712544,1.0863278725051455,0.9544844310980157,0.8335049396513828,10.490314165030473
NKE,GRU_Model,"units=10, dense_activation=relu, gru_activation=tanh, batch_size=8, epochs=30","pct_change(1, 6) on cols['Open', 'High', 'Low', 'Close'], diff(1, 6) on cols['Open', 'High', 'Low', 'Close'], [mean, max, min, median]rolling(2, 6) on each pct_change and diff column",680,3.3791906045350646,1.1813191919188415,1.160382946944862,0.716011373974782,10.459048905301772
NKE,Transformer_Model,"num_heads=4, key_dim=2, dense_units=50, dropout_rate=0.1, activation=relu, batch_size=8, epochs=30","pct_change(1, 6) on cols['Open', 'High', 'Low', 'Close'], diff(1, 6) on cols['Open', 'High', 'Low', 'Close'], [mean, max, min, median]rolling(2, 6) on each pct_change and diff column",680,4.373741914148143,1.202596161872082,1.5640171170317834,1.2658592114541014,13.462495166234605
NKE,SEQ_2_SEQ_Model,"lstm_units=50, attention_units=50, activation=tanh, batch_size=8, epochs=30","pct_change(1, 6) on cols['Open', 'High', 'Low', 'Close'], diff(1, 6) on cols['Open', 'High', 'Low', 'Close'], [mean, max, min, median]rolling(2, 6) on each pct_change and diff column",680,12.4161501257144,2.54223419858941,8.542021838016808,23.547562559135258,15.03278190711613
NKE,TCN_Model,"num_filters=64, kernel_size=2, dilation_rate1=1, dilation_rate2=2, dilation_rate3=4, activation=relu, batch_size=8, epochs=30","pct_change(1, 6) on cols['Open', 'High', 'Low', 'Close'], diff(1, 6) on cols['Open', 'High', 'Low', 'Close'], [mean, max, min, median]rolling(2, 6) on each pct_change and diff column",680,26.912878608077467,3.5934492924134247,27.914825080785835,6.666873813174399,69.4763662459362
INTC,ARIMA_Baseline,"ARIMA(p=10, d=0, q=4)",Close_pct_change,1,106.5269912877787,2.9972821924602573,14.609523470557892,181.73353759398353,226.76762189411312
INTC,ETS_Model,"ETS(error=add, trend=add, seasonal=add, seasonal_periods=7)",Close,1,103.7443140631307,2.979851460406882,14.133726993746254,177.8616326622323,220.00204513613735
INTC,Hybrid_Model,"ARIMA(p=4, d=0, q=3), LGBMRegressor(lags=50)","Trend component of Close, Residulas component of Close",2,100.74991237698535,2.874135774964871,7.812651390404658,175.4344080460578,216.87845429651406
INTC,LSTM_Model,"lstm_units=6, dense_units=16, dense_activation=relu, lstm_activation=tanh, batch_size=8, epochs=30","pct_change(1, 6) on cols['Open', 'High', 'Low', 'Close'], diff(1, 6) on cols['Open', 'High', 'Low', 'Close'], [mean, max, min, median]rolling(2, 6) on each pct_change and diff column",680,92.1499378816517,2.5823846593786066,11.800614461463349,160.86755511118358,193.34919729458124
INTC,GRU_Model,"units=10, dense_activation=relu, gru_activation=tanh, batch_size=8, epochs=30","pct_change(1, 6) on cols['Open', 'High', 'Low', 'Close'], diff(1, 6) on cols['Open', 'High', 'Low', 'Close'], [mean, max, min, median]rolling(2, 6) on each pct_change and diff column",680,96.49612781986032,2.5857838970779476,11.945147921932532,167.91366921720586,203.5399102432249
INTC,Transformer_Model,"num_heads=4, key_dim=2, dense_units=50, dropout_rate=0.1, activation=relu, batch_size=8, epochs=30","pct_change(1, 6) on cols['Open', 'High', 'Low', 'Close'], diff(1, 6) on cols['Open', 'High', 'Low', 'Close'], [mean, max, min, median]rolling(2, 6) on each pct_change and diff column",680,94.05661198367736,2.355021872499492,11.039463267335773,163.20896435172523,199.6229984431489
INTC,SEQ_2_SEQ_Model,"lstm_units=50, attention_units=50, activation=tanh, batch_size=8, epochs=30","pct_change(1, 6) on cols['Open', 'High', 'Low', 'Close'], diff(1, 6) on cols['Open', 'High', 'Low', 'Close'], [mean, max, min, median]rolling(2, 6) on each pct_change and diff column",680,83.9090347629204,1.2048738333646074,6.970149900829191,150.6107411822621,176.85037413522565
INTC,TCN_Model,"num_filters=64, kernel_size=2, dilation_rate1=1, dilation_rate2=2, dilation_rate3=4, activation=relu, batch_size=8, epochs=30","pct_change(1, 6) on cols['Open', 'High', 'Low', 'Close'], diff(1, 6) on cols['Open', 'High', 'Low', 'Close'], [mean, max, min, median]rolling(2, 6) on each pct_change and diff column",680,147.367122358283,6.417639269491441,29.919177947075827,235.47010411032585,317.6615681062389
MMM,ARIMA_Baseline,"ARIMA(p=10, d=0, q=4)",Close_pct_change,1,292.65384318707464,0.8189741844836088,409.8620131140573,390.27357245258435,369.6608129971733
MMM,ETS_Model,"ETS(error=add, trend=add, seasonal=add, seasonal_periods=7)",Close,1,290.31416689802415,0.9840111605218321,403.31259406806834,387.09219562502074,369.8678667384858
MMM,Hybrid_Model,"ARIMA(p=4, d=0, q=3), LGBMRegressor(lags=50)","Trend component of Close, Residulas component of Close",2,402.71788217005695,0.7422778059806215,450.7503620087155,521.2690348881428,638.1098539773891
MMM,LSTM_Model,"lstm_units=6, dense_units=16, dense_activation=relu, lstm_activation=tanh, batch_size=8, epochs=30","pct_change(1, 6) on cols['Open', 'High', 'Low', 'Close'], diff(1, 6) on cols['Open', 'High', 'Low', 'Close'], [mean, max, min, median]rolling(2, 6) on each pct_change and diff column",680,317.28627647909576,0.7465179938423846,422.5339248439247,427.3664289012252,418.49823417739077
MMM,GRU_Model,"units=10, dense_activation=relu, gru_activation=tanh, batch_size=8, epochs=30","pct_change(1, 6) on cols['Open', 'High', 'Low', 'Close'], diff(1, 6) on cols['Open', 'High', 'Low', 'Close'], [mean, max, min, median]rolling(2, 6) on each pct_change and diff column",680,293.77502747058,0.8542683701130694,399.61066735885936,390.19831227702423,384.43686187632346
MMM,Transformer_Model,"num_heads=4, key_dim=2, dense_units=50, dropout_rate=0.1, activation=relu, batch_size=8, epochs=30","pct_change(1, 6) on cols['Open', 'High', 'Low', 'Close'], diff(1, 6) on cols['Open', 'High', 'Low', 'Close'], [mean, max, min, median]rolling(2, 6) on each pct_change and diff column",680,309.807066649053,0.5762271279984686,423.6430499371823,413.3784937664085,401.6304957646228
MMM,SEQ_2_SEQ_Model,"lstm_units=50, attention_units=50, activation=tanh, batch_size=8, epochs=30","pct_change(1, 6) on cols['Open', 'High', 'Low', 'Close'], diff(1, 6) on cols['Open', 'High', 'Low', 'Close'], [mean, max, min, median]rolling(2, 6) on each pct_change and diff column",680,217.79886271728694,1.369588679467727,334.79649086472847,282.4194800331191,252.6098912918325
MMM,TCN_Model,"num_filters=64, kernel_size=2, dilation_rate1=1, dilation_rate2=2, dilation_rate3=4, activation=relu, batch_size=8, epochs=30","pct_change(1, 6) on cols['Open', 'High', 'Low', 'Close'], diff(1, 6) on cols['Open', 'High', 'Low', 'Close'], [mean, max, min, median]rolling(2, 6) on each pct_change and diff column",680,358.59081196650885,1.1024937063921243,421.10100445142183,509.9940956928352,502.1656540153864
NVDA,ARIMA_Baseline,"ARIMA(p=10, d=0, q=4)",Close_pct_change,1,292.39884469903257,13.031126188811033,149.50647176373337,509.8277399782017,497.230040865384
NVDA,ETS_Model,"ETS(error=add, trend=add, seasonal=add, seasonal_periods=7)",Close,1,152.77233170961213,9.16412991863288,85.30205689285572,294.614889373289,222.00825065367073
NVDA,Hybrid_Model,"ARIMA(p=4, d=0, q=3), LGBMRegressor(lags=50)","Trend component of Close, Residulas component of Close",2,62.29669758180379,12.140833770697364,36.76012423793334,129.45196942834096,70.83386289024348
NVDA,LSTM_Model,"lstm_units=6, dense_units=16, dense_activation=relu, lstm_activation=tanh, batch_size=8, epochs=30","pct_change(1, 6) on cols['Open', 'High', 'Low', 'Close'], diff(1, 6) on cols['Open', 'High', 'Low', 'Close'], [mean, max, min, median]rolling(2, 6) on each pct_change and diff column",680,156.59940294618926,9.851992770372558,84.19939992629224,305.5670521748169,226.77916691327533
NVDA,GRU_Model,"units=10, dense_activation=relu, gru_activation=tanh, batch_size=8, epochs=30","pct_change(1, 6) on cols['Open', 'High', 'Low', 'Close'], diff(1, 6) on cols['Open', 'High', 'Low', 'Close'], [mean, max, min, median]rolling(2, 6) on each pct_change and diff column",680,174.1333650533135,9.936023749427736,82.8577051765169,324.19556586382845,279.5441654234809
NVDA,Transformer_Model,"num_heads=4, key_dim=2, dense_units=50, dropout_rate=0.1, activation=relu, batch_size=8, epochs=30","pct_change(1, 6) on cols['Open', 'High', 'Low', 'Close'], diff(1, 6) on cols['Open', 'High', 'Low', 'Close'], [mean, max, min, median]rolling(2, 6) on each pct_change and diff column",680,171.37244369393323,9.844380291278608,92.08191793875969,323.44286814158215,260.12060840411243
NVDA,SEQ_2_SEQ_Model,"lstm_units=50, attention_units=50, activation=tanh, batch_size=8, epochs=30","pct_change(1, 6) on cols['Open', 'High', 'Low', 'Close'], diff(1, 6) on cols['Open', 'High', 'Low', 'Close'], [mean, max, min, median]rolling(2, 6) on each pct_change and diff column",680,347.3268485650832,12.456139579124283,139.48621696150596,561.2765316436416,676.0885060760609
NVDA,TCN_Model,"num_filters=64, kernel_size=2, dilation_rate1=1, dilation_rate2=2, dilation_rate3=4, activation=relu, batch_size=8, epochs=30","pct_change(1, 6) on cols['Open', 'High', 'Low', 'Close'], diff(1, 6) on cols['Open', 'High', 'Low', 'Close'], [mean, max, min, median]rolling(2, 6) on each pct_change and diff column",680,469.2016271131101,15.031095794709731,200.92276543128537,860.1242099677412,800.7284372587039
AMZN,ARIMA_Baseline,"ARIMA(p=10, d=0, q=4)",Close_pct_change,1,469.2678956505483,53.57970200598054,111.1660990233237,825.7287850291917,886.5969965436974
AMZN,ETS_Model,"ETS(error=add, trend=add, seasonal=add, seasonal_periods=7)",Close,1,354.29688150767004,40.23356557159021,66.70178536361645,650.9162278335989,659.3359472618747
AMZN,Hybrid_Model,"ARIMA(p=4, d=0, q=3), LGBMRegressor(lags=50)","Trend component of Close, Residulas component of Close",2,175.91366844433765,38.39775254372241,28.340512224762612,385.8579617309416,251.05844727792396
AMZN,LSTM_Model,"lstm_units=6, dense_units=16, dense_activation=relu, lstm_activation=tanh, batch_size=8, epochs=30","pct_change(1, 6) on cols['Open', 'High', 'Low', 'Close'], diff(1, 6) on cols['Open', 'High', 'Low', 'Close'], [mean, max, min, median]rolling(2, 6) on each pct_change and diff column",680,243.61445361547106,20.053497069515288,28.83519103787174,460.6835070539465,464.8856193005507
AMZN,GRU_Model,"units=10, dense_activation=relu, gru_activation=tanh, batch_size=8, epochs=30","pct_change(1, 6) on cols['Open', 'High', 'Low', 'Close'], diff(1, 6) on cols['Open', 'High', 'Low', 'Close'], [mean, max, min, median]rolling(2, 6) on each pct_change and diff column",680,255.06777608370507,29.29345217320536,40.11463635554537,500.6854220234257,450.1775937826439
AMZN,Transformer_Model,"num_heads=4, key_dim=2, dense_units=50, dropout_rate=0.1, activation=relu, batch_size=8, epochs=30","pct_change(1, 6) on cols['Open', 'High', 'Low', 'Close'], diff(1, 6) on cols['Open', 'High', 'Low', 'Close'], [mean, max, min, median]rolling(2, 6) on each pct_change and diff column",680,265.1483691071709,25.884217656017945,37.83886661297375,514.8877387736658,481.9826533860261
AMZN,SEQ_2_SEQ_Model,"lstm_units=50, attention_units=50, activation=tanh, batch_size=8, epochs=30","pct_change(1, 6) on cols['Open', 'High', 'Low', 'Close'], diff(1, 6) on cols['Open', 'High', 'Low', 'Close'], [mean, max, min, median]rolling(2, 6) on each pct_change and diff column",680,743.6191833168601,119.74963422478842,332.76169418500336,1257.104358093946,1264.8610467637025
AMZN,TCN_Model,"num_filters=64, kernel_size=2, dilation_rate1=1, dilation_rate2=2, dilation_rate3=4, activation=relu, batch_size=8, epochs=30","pct_change(1, 6) on cols['Open', 'High', 'Low', 'Close'], diff(1, 6) on cols['Open', 'High', 'Low', 'Close'], [mean, max, min, median]rolling(2, 6) on each pct_change and diff column",680,398.57747756748824,49.29702379847212,81.67546440255163,717.2277498712564,746.1096721976729
WMT,ARIMA_Baseline,"ARIMA(p=10, d=0, q=4)",Close_pct_change,1,9.083507227734964,0.22089871358768945,4.143998294563866,14.598869065723383,17.370262837064917
WMT,ETS_Model,"ETS(error=add, trend=add, seasonal=add, seasonal_periods=7)",Close,1,8.107423425450918,0.24163335177499626,3.781258217862464,13.26662239389552,15.140179738270687
WMT,Hybrid_Model,"ARIMA(p=4, d=0, q=3), LGBMRegressor(lags=50)","Trend component of Close, Residulas component of Close",2,0.4514717072483778,0.3474913657976187,0.08637630829956366,0.9875587647158326,0.3844603901804962
WMT,LSTM_Model,"lstm_units=6, dense_units=16, dense_activation=relu, lstm_activation=tanh, batch_size=8, epochs=30","pct_change(1, 6) on cols['Open', 'High', 'Low', 'Close'], diff(1, 6) on cols['Open', 'High', 'Low', 'Close'], [mean, max, min, median]rolling(2, 6) on each pct_change and diff column",680,8.956033735565143,0.4638512491198656,5.27160041622119,14.589818206133454,15.498865070786062
WMT,GRU_Model,"units=10, dense_activation=relu, gru_activation=tanh, batch_size=8, epochs=30","pct_change(1, 6) on cols['Open', 'High', 'Low', 'Close'], diff(1, 6) on cols['Open', 'High', 'Low', 'Close'], [mean, max, min, median]rolling(2, 6) on each pct_change and diff column",680,4.1900986291937965,0.14224163451997032,1.9494512043810184,7.12582960940199,7.542872068472207
WMT,Transformer_Model,"num_heads=4, key_dim=2, dense_units=50, dropout_rate=0.1, activation=relu, batch_size=8, epochs=30","pct_change(1, 6) on cols['Open', 'High', 'Low', 'Close'], diff(1, 6) on cols['Open', 'High', 'Low', 'Close'], [mean, max, min, median]rolling(2, 6) on each pct_change and diff column",680,7.056901806842818,0.29749709359436693,3.5055737790535204,11.676750878071678,12.747785476651709
WMT,SEQ_2_SEQ_Model,"lstm_units=50, attention_units=50, activation=tanh, batch_size=8, epochs=30","pct_change(1, 6) on cols['Open', 'High', 'Low', 'Close'], diff(1, 6) on cols['Open', 'High', 'Low', 'Close'], [mean, max, min, median]rolling(2, 6) on each pct_change and diff column",680,9.707754590895743,0.5381279728691359,6.456215034688024,15.45203531343889,16.384640042586916
WMT,TCN_Model,"num_filters=64, kernel_size=2, dilation_rate1=1, dilation_rate2=2, dilation_rate3=4, activation=relu, batch_size=8, epochs=30","pct_change(1, 6) on cols['Open', 'High', 'Low', 'Close'], diff(1, 6) on cols['Open', 'High', 'Low', 'Close'], [mean, max, min, median]rolling(2, 6) on each pct_change and diff column",680,2.601531702378582,2.8960201408647532,3.443869924779782,0.7777634251147642,3.288473318755028
